<?xml version="1.0" encoding="UTF-8"?>
<quiz>


  <question type="category">
    <category>
      <text>$course$/top/importados/Single test- Single file/Questão aleatória 1 - Estatística Descritiva - CLOZE</text>
    </category>
    <info format="html">
      <text></text>
    </info>
    <idnumber></idnumber>
  </question>
  <question type="cloze">
    <name>
      <text>Variante 1 de Questão aleatória 1 - Estatística Descritiva - CLOZE</text>
    </name>
    <questiontext format="html">
      <text><![CDATA[<p>Considere a amostra <span class="math inline">\(2.2, 5.6,
3.8\)</span>:</p>
<p><strong>(a)</strong> A média amostral é {:NUMERICAL:=3.866667:0.005}
(use 2 casas decimais).</p>
<p><strong>(b)</strong> O valor máximo é {:NUMERICAL:=5.6}.</p>
<p><strong>(c)</strong> A média é uma medida de
{:MULTICHOICE_S:=localização central~localização relativa~dispersão}</p>]]></text>
    </questiontext>
    <generalfeedback format="html">
      <text><![CDATA[<p>Consulte o Capítulo 1 - Estatística Descritiva.</p>]]></text>
    </generalfeedback>
    <penalty>0.3333333</penalty>
    <hidden>0</hidden>
    <idnumber></idnumber>
  </question>


  <question type="category">
    <category>
      <text>$course$/top/importados/Single test- Single file/Questão aleatória 1 - Estatística Descritiva - CLOZE</text>
    </category>
    <info format="html">
      <text></text>
    </info>
    <idnumber></idnumber>
  </question>
  <question type="cloze">
    <name>
      <text>Variante 2 de Questão aleatória 1 - Estatística Descritiva - CLOZE</text>
    </name>
    <questiontext format="html">
      <text><![CDATA[<p>Considere a amostra <span class="math inline">\(2.2, 5.6,
1.1\)</span>:</p>
<p><strong>(a)</strong> A média amostral é {:NUMERICAL:=2.966667:0.005}
(use 2 casas decimais).</p>
<p><strong>(b)</strong> O valor mínimo é {:NUMERICAL:=2.2}.</p>
<p><strong>(c)</strong> O desvio padrão corrigido é uma medida de
{:MULTICHOICE_S:=dispersão~localização central~localização relativa}</p>]]></text>
    </questiontext>
    <generalfeedback format="html">
      <text><![CDATA[<p>Consulte o Capítulo 1 - Estatística Descritiva.</p>]]></text>
    </generalfeedback>
    <penalty>0.3333333</penalty>
    <hidden>0</hidden>
    <idnumber></idnumber>
  </question>

/
  <question type="category">
    <category>
      <text>$course$/top/importados/Single test- Single file/Questão aleatória 2 - Natureza e escalas - MULTICHOICE</text>
    </category>
    <info format="html">
      <text></text>
    </info>
    <idnumber></idnumber>
  </question>
  <question type="multichoice">
    <name>
      <text>Variante 01 de Questão aleatória 2 - Natureza e escalas - MULTICHOICE</text>
    </name>
    <questiontext format="html">
      <text><![CDATA[<p>Seja “N.º diário de pagamentos numa loja de roupas” uma variável
estatística. Esta é uma variável é</p>]]></text>
    </questiontext>
    <generalfeedback format="html">
      <text><![CDATA[<p>Consulte o Capítulo 1 - Estatística Descritiva.</p>]]></text>
    </generalfeedback>
    <defaultgrade>1.0000000</defaultgrade>
    <penalty>0.3333333</penalty>
    <hidden>0</hidden>
    <idnumber></idnumber>
    <single>true</single>
    <shuffleanswers>true</shuffleanswers>
    <answernumbering>none</answernumbering>
    <correctfeedback format="html">
      <text><![CDATA[<p>A sua resposta está correta.</p>]]></text>
    </correctfeedback>
    <partiallycorrectfeedback format="html">
      <text><![CDATA[<p>A sua resposta está parcialmente correta.</p>]]></text>
    </partiallycorrectfeedback>
    <incorrectfeedback format="html">
      <text><![CDATA[<p>A sua resposta está incorreta.</p>]]></text>
    </incorrectfeedback>
    <shownumcorrect/>
    <answer fraction="100" format="html">
      <text><![CDATA[quantitativa, discreta, classificada em escala de razão.<br>
]]></text>
      <feedback format="html">
        <text></text>
      </feedback>
    </answer>
    <answer fraction="0" format="html">
      <text><![CDATA[qualitativa, classificada em escala ordinal.]]></text>
      <feedback format="html">
        <text></text>
      </feedback>
    </answer>
    <answer fraction="0" format="html">
      <text><![CDATA[quantitativa, contínua, classificada em escala de intervalos.]]></text>
      <feedback format="html">
        <text></text>
      </feedback>
    </answer>
    <answer fraction="0" format="html">
      <text><![CDATA[quantitativa, discreta, classificada em escala nominal.]]></text>
      <feedback format="html">
        <text></text>
      </feedback>
    </answer>
  </question>

  
/
  <question type="category">
    <category>
      <text>$course$/top/importados/Single test- Single file/Questão aleatória 2 - Natureza e escalas - MULTICHOICE</text>
    </category>
    <info format="html">
      <text></text>
    </info>
    <idnumber></idnumber>
  </question>
  <question type="multichoice">
    <name>
      <text>Variante 02 de Questão aleatória 2 - Natureza e escalas - MULTICHOICE</text>
    </name>
    <questiontext format="html">
      <text><![CDATA[<p>Seja “peso de uma enguia (em kg)” uma variável estatística. Esta é
uma variável é</p>]]></text>
    </questiontext>
    <generalfeedback format="html">
      <text><![CDATA[<p>Consulte o Capítulo 1 - Estatística Descritiva.</p>]]></text>
    </generalfeedback>
    <defaultgrade>1.0000000</defaultgrade>
    <penalty>0.3333333</penalty>
    <hidden>0</hidden>
    <idnumber></idnumber>
    <single>true</single>
    <shuffleanswers>true</shuffleanswers>
    <answernumbering>none</answernumbering>
    <correctfeedback format="html">
      <text><![CDATA[<p>A sua resposta está correta.</p>]]></text>
    </correctfeedback>
    <partiallycorrectfeedback format="html">
      <text><![CDATA[<p>A sua resposta está parcialmente correta.</p>]]></text>
    </partiallycorrectfeedback>
    <incorrectfeedback format="html">
      <text><![CDATA[<p>A sua resposta está incorreta.</p>]]></text>
    </incorrectfeedback>
    <shownumcorrect/>
    <answer fraction="100" format="html">
      <text><![CDATA[quantitativa, contínua, classificada em escala de razão.]]></text>
      <feedback format="html">
        <text></text>
      </feedback>
    </answer>
    <answer fraction="0" format="html">
      <text><![CDATA[quantitativa, discreta, classificada em escala de intervalos.<br>
]]></text>
      <feedback format="html">
        <text></text>
      </feedback>
    </answer>
    <answer fraction="0" format="html">
      <text><![CDATA[qualitativa, classificada em escala ordinal.]]></text>
      <feedback format="html">
        <text></text>
      </feedback>
    </answer>
    <answer fraction="0" format="html">
      <text><![CDATA[quantitativa, discreta, classificada em escala nominal.]]></text>
      <feedback format="html">
        <text></text>
      </feedback>
    </answer>
  </question>

  
</quiz>

