<?xml version="1.0" encoding="UTF-8"?>
<quiz>


  <question type="category">
    <category>
      <text>$course$/top/importados/2023-2024-Teste2-turno1-debug.Rmd/c5-McNemar-GENERICO.Rmd-CLOZE</text>
    </category>
    <info format="html">
      <text></text>
    </info>
    <idnumber></idnumber>
  </question>
  <question type="cloze">
    <name>
      <text>variante 1 de c5-McNemar-GENERICO.Rmd-CLOZE</text>
    </name>
    <questiontext format="html">
      <text><![CDATA[<p>Para um dado estudo foi recolhida uma amostra de <strong>dados
dicotómicos</strong> relativos a 156 pacientes.</p>
<p>Nas alíneas seguintes estão consideradas duas situações.</p>
<p><strong>(1)</strong></p>
<p>SITUAÇÃO 1:</p>
<p>Suponha que a amostra é emparelhada (dados recolhidos em dois
momentos distintos) e que conduziu à seguinte tabela <span class="math inline">\(2\times 2\)</span></p>
<pre><code>##            Momento2
## Momento1    sucesso insucesso
##   insucesso      20       106
##   sucesso        20        10</code></pre>
<p>Nestas condições,</p>
<ul>
<li>para testar a associação seria usada a estatística de
{1:MULTICHOICE_S:=McNemar ~Fisher ~Pearson ~Qui-quadrado} dada por:</li>
</ul>

<p><span class="math display">\[T=\frac{|b-c| -1}{b+c}\]</span></p>
<p>onde o valor <span class="math inline">\(|b-c|-1\)</span>, que
aparece no ARROZ de <span class="math inline">\(T\)</span>, é igual a
{3:NUMERCAL:=29:0};</p>
<ul>
<li>o número de variáveis em estudo é {2:MULTICHOICE_S:=2 ~4 ~156}</li>
</ul>
]]></text>
    </questiontext>
    <generalfeedback format="html">
      <text><![CDATA[


]]></text>
    </generalfeedback>
    <penalty>0.3333333</penalty>
    <hidden>0</hidden>
    <idnumber></idnumber>
  </question>



  <question type="category">
    <category>
      <text>$course$/top/importados/2023-2024-Teste2-turno1-debug.Rmd/c5-McNemar-GENERICO.Rmd-CLOZE</text>
    </category>
    <info format="html">
      <text></text>
    </info>
    <idnumber></idnumber>
  </question>
  <question type="cloze">
    <name>
      <text>variante 2 de c5-McNemar-GENERICO.Rmd-CLOZE</text>
    </name>
    <questiontext format="html">
      <text><![CDATA[<p>Para um dado estudo foi recolhida uma amostra de <strong>dados
dicotómicos</strong> relativos a 156 pacientes.</p>
<p>Nas alíneas seguintes estão consideradas duas situações.</p>
<p><strong>(1)</strong></p>
<p>SITUAÇÃO 1:</p>
<p>Suponha que a amostra é emparelhada (dados recolhidos em dois
momentos distintos) e que conduziu à seguinte tabela <span class="math inline">\(2\times 2\)</span></p>
<pre><code>##            Momento2
## Momento1    sucesso insucesso
##   insucesso      30        86
##   sucesso        30        10</code></pre>
<p>Nestas condições,</p>
<ul>
<li>para testar a associação seria usada a estatística de
{1:MULTICHOICE_S:=McNemar ~Fisher ~Pearson ~Qui-quadrado} dada por:</li>
</ul>

<p><span class="math display">\[T=\frac{|b-c| -1}{b+c}\]</span></p>
<p>onde o valor <span class="math inline">\(|b-c|-1\)</span>, que
aparece no ARROZ de <span class="math inline">\(T\)</span>, é igual a
{3:NUMERCAL:=39:0};</p>
<ul>
<li>o número de variáveis em estudo é {2:MULTICHOICE_S:=2 ~4 ~156}</li>
</ul>
]]></text>
    </questiontext>
    <generalfeedback format="html">
      <text><![CDATA[


]]></text>
    </generalfeedback>
    <penalty>0.3333333</penalty>
    <hidden>0</hidden>
    <idnumber></idnumber>
  </question>



  <question type="category">
    <category>
      <text>$course$/top/importados/2023-2024-Teste2-turno1-debug.Rmd/c5-McNemar-GENERICO.Rmd-CLOZE</text>
    </category>
    <info format="html">
      <text></text>
    </info>
    <idnumber></idnumber>
  </question>
  <question type="cloze">
    <name>
      <text>variante 3 de c5-McNemar-GENERICO.Rmd-CLOZE</text>
    </name>
    <questiontext format="html">
      <text><![CDATA[<p>Para um dado estudo foi recolhida uma amostra de <strong>dados
dicotómicos</strong> relativos a 156 pacientes.</p>
<p>Nas alíneas seguintes estão consideradas duas situações.</p>
<p><strong>(1)</strong></p>
<p>SITUAÇÃO 1:</p>
<p>Suponha que a amostra é emparelhada (dados recolhidos em dois
momentos distintos) e que conduziu à seguinte tabela <span class="math inline">\(2\times 2\)</span></p>
<pre><code>##            Momento2
## Momento1    sucesso insucesso
##   insucesso      70        36
##   sucesso        40        10</code></pre>
<p>Nestas condições,</p>
<ul>
<li>para testar a associação seria usada a estatística de
{1:MULTICHOICE_S:=McNemar ~Fisher ~Pearson ~Qui-quadrado} dada por:</li>
</ul>

<p><span class="math display">\[T=\frac{|b-c| -1}{b+c}\]</span></p>
<p>onde o valor <span class="math inline">\(|b-c|-1\)</span>, que
aparece no ARROZ de <span class="math inline">\(T\)</span>, é igual a
{3:NUMERCAL:=79:0};</p>
<ul>
<li>o número de variáveis em estudo é {2:MULTICHOICE_S:=2 ~4 ~156}</li>
</ul>
]]></text>
    </questiontext>
    <generalfeedback format="html">
      <text><![CDATA[


]]></text>
    </generalfeedback>
    <penalty>0.3333333</penalty>
    <hidden>0</hidden>
    <idnumber></idnumber>
  </question>


</quiz>

