<?xml version="1.0" encoding="UTF-8"?>
<quiz>


  <question type="category">
    <category>
      <text>$course$/top/importados/2023-2024-Teste2-turno1.Rmd/c5-Associacao-GENERICO.Rmd-CLOZE</text>
    </category>
    <info format="html">
      <text></text>
    </info>
    <idnumber></idnumber>
  </question>
  <question type="cloze">
    <name>
      <text>variante 1 de c5-Associacao-GENERICO.Rmd-CLOZE</text>
    </name>
    <questiontext format="html">
      <text><![CDATA[<p>Pretende-se avaliar a existência de associações entre a doença renal

crónica (presente/ausente) e o hábito de fumar.</p>
<p><strong>(1)</strong></p>
<p>Para avaliar se a probabilidade de sofrer de doença renal crónica é

superior nos fumadores, um investigador realizou um <strong>teste exato

de Fisher</strong> usando os dados observados em uma amostra casual, de

pacientes de um centro hospital do norte do pais. Os dados encontram-se

organizados na seguinte tabela de contingência <span class="math inline">\(2\times 2\)</span>:</p>
<table>
<thead><tr class="header">
<th align="left"></th>

<th align="right">Com doença crónica</th>

<th align="right">Sem doença crónica</th>

</tr></thead>
<tbody>
<tr class="odd">
<td align="left">Fumador</td>

<td align="right">35</td>

<td align="right">60</td>

</tr>
<tr class="even">
<td align="left">Não Fumador</td>

<td align="right">45</td>

<td align="right">74</td>

</tr>
</tbody>
</table>

<p><strong>Complete as seguintes frases da forma mais

adequada</strong></p>
<ul>
<li><p>A hipótese alternativa em teste é: <span class="math inline">\(H_1: p_{A|B} &gt;p_{A|\bar{B}} \,\)</span> onde

<span class="math inline">\(p_{A|B}\)</span> representa a probabilidade

de um {2:MULTICHOICE_S:=paciente fumador sofrer de doença renal crónica

~paciente com doença renal crónica ser fumador ~paciente ter doença

renal crónica e ser fumador};</p></li>

<li><p>Designando por <span class="math inline">\(N_{11}=\)</span>número

de pacientes que é fumador e sofre de doença renal crónica, resulta que

valor-p<span class="math inline">\(=P(N_{11}\geq zz)\)</span> onde <span class="math inline">\(zz\)</span> é igual a {1:NUMERICAL:=35:0}</p></li>

<li><p>O valor-p do teste exato de Fisher pretendido é

{2:NUMERICAL:=0.6129347:0.0001} <em>(use 4 casas decimais)</em></p></li>

</ul>

<p><strong>(2)</strong></p>
<p>A partir dos dados recolhidos foi possível reorganizar os dados e

construir a seguinte tabela de contingência <span class="math inline">\(3\times 2\)</span>:</p>
<table>
<thead><tr class="header">
<th align="left"></th>

<th align="right">Com doença crónica</th>

<th align="right">Sem doença crónica</th>

</tr></thead>
<tbody>
<tr class="odd">
<td align="left">Fumador Ativo</td>

<td align="right">25</td>

<td align="right">35</td>

</tr>
<tr class="even">
<td align="left">Fumou mas já não fuma</td>

<td align="right">10</td>

<td align="right">25</td>

</tr>
<tr class="odd">
<td align="left">Nunca Fumou</td>

<td align="right">45</td>

<td align="right">74</td>

</tr>
</tbody>
</table>

<p>Usando o teste do qui-quadrado, teste se existe associação entre a

condição de fumar e a presença/ausência de doença renal crónica. Tome

<span class="math inline">\(\alpha=0.05\)</span></p>
<p>Na sua resposta, indique:</p>
<ul>
<li><p>nos 156, o número esperado de pacientes sem doença renal crónica

e que nunca fumaram, caso a hipótese de independência seja válida :

{2:NUMERICAL:=44.4859813:0.5} <em>(escreva um número inteiro,

aproximado)</em></p></li>

<li><p>o valor da estatística de teste: {2:NUMERICAL:=1.6407707:0.001}

<em>(use 3 casas decimais)</em></p></li>

<li><p>o valor-p {2:NUMERICAL:=0.440262:0.0001} <em>(use 4 casas

decimais)</em></p></li>

</ul>

<p>Tendo verificado que o valor-p é maior que 0.05, então conclui-se que

{1:MULTICHOICE_S:=não há associação ~%-25%há associação} significativa

entre as duas condições (hábitos de fumar e doença renal crónico)

<em>(desconta se errada)</em></p>
<p><strong>(3)</strong></p>
<p>A recolha de dados foi realizada em 6 regiões distintas de Portugal

(A, B, C, D, E, F) Pretende-se testar a existência de associação

significativa nas 6 regiões em simultâneo. Testes de independência do

qui-quadrado em cada região resultaram nos seguintes valores-p:</p>
<table>
<thead><tr class="header">
<th align="left"></th>

<th align="right">Valores-p</th>

</tr></thead>
<tbody>
<tr class="odd">
<td align="left">A</td>

<td align="right">0.003</td>

</tr>
<tr class="even">
<td align="left">B</td>

<td align="right">0.010</td>

</tr>
<tr class="odd">
<td align="left">C</td>

<td align="right">0.030</td>

</tr>
<tr class="even">
<td align="left">D</td>

<td align="right">0.020</td>

</tr>
<tr class="odd">
<td align="left">E</td>

<td align="right">0.005</td>

</tr>
<tr class="even">
<td align="left">F</td>

<td align="right">0.060</td>

</tr>
</tbody>
</table>

<p>Assim,</p>
<ul>
<li>Controlando a FWER a 0.05, indique em quantas regiões, entre as 6,

há evidência estatística de associação significativa entre a doença

renal crónica e os hábitos de fumar. Use o critério de Holm para

controlar a FWER</li>

</ul>

<p>RESPOSTA: {2:NUMERICAL:=3:0}</p>
<ul>
<li>Controlar a FWER a 0.05 significa que {1:MULTICHOICE_S:=a

probabilidade de uma ou mais regiões serem erradamente classificadas

como tendo associação significativa entre doença renal e fumar ~a

probabilidade de rejeitar pelo menos umas das 6 regiões nos testes de

independência realizados ~a probabilidade de haver pelo menos uma região

com associação significativa entre doença renal e fumar ~a probabilidade

de erradamente rejeitar uma região com associação significativa entre

doença renal e fumar entre as regiões rejeitadas} é inferior a

0.05.</li>

</ul>
]]></text>
    </questiontext>
    <generalfeedback format="html">
      <text><![CDATA[


]]></text>
    </generalfeedback>
    <penalty>0.3333333</penalty>
    <hidden>0</hidden>
    <idnumber></idnumber>
  </question>



  <question type="category">
    <category>
      <text>$course$/top/importados/2023-2024-Teste2-turno1.Rmd/c5-Associacao-GENERICO.Rmd-CLOZE</text>
    </category>
    <info format="html">
      <text></text>
    </info>
    <idnumber></idnumber>
  </question>
  <question type="cloze">
    <name>
      <text>variante 2 de c5-Associacao-GENERICO.Rmd-CLOZE</text>
    </name>
    <questiontext format="html">
      <text><![CDATA[<p>Pretende-se avaliar a existência de associações entre a doença renal

crónica (presente/ausente) e o hábito de fumar.</p>
<p><strong>(1)</strong></p>
<p>Para avaliar se a probabilidade de sofrer de doença renal crónica é

superior nos fumadores, um investigador realizou um <strong>teste exato

de Fisher</strong> usando os dados observados em uma amostra casual, de

pacientes de um centro hospital do norte do pais. Os dados encontram-se

organizados na seguinte tabela de contingência <span class="math inline">\(2\times 2\)</span>:</p>
<table>
<thead><tr class="header">
<th align="left"></th>

<th align="right">Com doença crónica</th>

<th align="right">Sem doença crónica</th>

</tr></thead>
<tbody>
<tr class="odd">
<td align="left">Fumador</td>

<td align="right">40</td>

<td align="right">50</td>

</tr>
<tr class="even">
<td align="left">Não Fumador</td>

<td align="right">45</td>

<td align="right">74</td>

</tr>
</tbody>
</table>

<p><strong>Complete as seguintes frases da forma mais

adequada</strong></p>
<ul>
<li><p>A hipótese alternativa em teste é: <span class="math inline">\(H_1: p_{A|B} &gt;p_{A|\bar{B}} \,\)</span> onde

<span class="math inline">\(p_{A|B}\)</span> representa a probabilidade

de um {2:MULTICHOICE_S:=paciente fumador sofrer de doença renal crónica

~paciente com doença renal crónica ser fumador ~paciente ter doença

renal crónica e ser fumador};</p></li>

<li><p>Designando por <span class="math inline">\(N_{11}=\)</span>número

de pacientes que é fumador e sofre de doença renal crónica, resulta que

valor-p<span class="math inline">\(=P(N_{11}\geq zz)\)</span> onde <span class="math inline">\(zz\)</span> é igual a {1:NUMERICAL:=40:0}</p></li>

<li><p>O valor-p do teste exato de Fisher pretendido é

{2:NUMERICAL:=0.2049249:0.0001} <em>(use 4 casas decimais)</em></p></li>

</ul>

<p><strong>(2)</strong></p>
<p>A partir dos dados recolhidos foi possível reorganizar os dados e

construir a seguinte tabela de contingência <span class="math inline">\(3\times 2\)</span>:</p>
<table>
<thead><tr class="header">
<th align="left"></th>

<th align="right">Com doença crónica</th>

<th align="right">Sem doença crónica</th>

</tr></thead>
<tbody>
<tr class="odd">
<td align="left">Fumador Ativo</td>

<td align="right">30</td>

<td align="right">25</td>

</tr>
<tr class="even">
<td align="left">Fumou mas já não fuma</td>

<td align="right">10</td>

<td align="right">25</td>

</tr>
<tr class="odd">
<td align="left">Nunca Fumou</td>

<td align="right">45</td>

<td align="right">74</td>

</tr>
</tbody>
</table>

<p>Usando o teste do qui-quadrado, teste se existe associação entre a

condição de fumar e a presença/ausência de doença renal crónica. Tome

<span class="math inline">\(\alpha=0.05\)</span></p>
<p>Na sua resposta, indique:</p>
<ul>
<li><p>nos 156, o número esperado de pacientes sem doença renal crónica

e que nunca fumaram, caso a hipótese de independência seja válida :

{2:NUMERICAL:=48.3971292:0.5} <em>(escreva um número inteiro,

aproximado)</em></p></li>

<li><p>o valor da estatística de teste: {2:NUMERICAL:=6.9135666:0.001}

<em>(use 3 casas decimais)</em></p></li>

<li><p>o valor-p {2:NUMERICAL:=0.031531:0.0001} <em>(use 4 casas

decimais)</em></p></li>

</ul>

<p>Tendo verificado que o valor-p é menor que 0.05, então conclui-se que

{1:MULTICHOICE_S:=há associação ~%-25%não há associação } significativa

entre as duas condições (hábitos de fumar e doença renal crónico)

<em>(desconta se errada)</em></p>
<p><strong>(3)</strong></p>
<p>A recolha de dados foi realizada em 6 regiões distintas de Portugal

(A, B, C, D, E, F) Pretende-se testar a existência de associação

significativa nas 6 regiões em simultâneo. Testes de independência do

qui-quadrado em cada região resultaram nos seguintes valores-p:</p>
<table>
<thead><tr class="header">
<th align="left"></th>

<th align="right">Valores-p</th>

</tr></thead>
<tbody>
<tr class="odd">
<td align="left">A</td>

<td align="right">0.001</td>

</tr>
<tr class="even">
<td align="left">B</td>

<td align="right">0.030</td>

</tr>
<tr class="odd">
<td align="left">C</td>

<td align="right">0.030</td>

</tr>
<tr class="even">
<td align="left">D</td>

<td align="right">0.010</td>

</tr>
<tr class="odd">
<td align="left">E</td>

<td align="right">0.005</td>

</tr>
<tr class="even">
<td align="left">F</td>

<td align="right">0.006</td>

</tr>
</tbody>
</table>

<p>Assim,</p>
<ul>
<li>Controlando a FWER a 0.05, indique em quantas regiões, entre as 6,

há evidência estatística de associação significativa entre a doença

renal crónica e os hábitos de fumar. Use o critério de Holm para

controlar a FWER</li>

</ul>

<p>RESPOSTA: {2:NUMERICAL:=4:0}</p>
<ul>
<li>Controlar a FWER a 0.05 significa que {1:MULTICHOICE_S:=a

probabilidade de uma ou mais regiões serem erradamente classificadas

como tendo associação significativa entre doença renal e fumar ~a

probabilidade de rejeitar pelo menos umas das 6 regiões nos testes de

independência realizados ~a probabilidade de haver pelo menos uma região

com associação significativa entre doença renal e fumar ~a probabilidade

de erradamente rejeitar uma região com associação significativa entre

doença renal e fumar entre as regiões rejeitadas} é inferior a

0.05.</li>

</ul>
]]></text>
    </questiontext>
    <generalfeedback format="html">
      <text><![CDATA[


]]></text>
    </generalfeedback>
    <penalty>0.3333333</penalty>
    <hidden>0</hidden>
    <idnumber></idnumber>
  </question>



  <question type="category">
    <category>
      <text>$course$/top/importados/2023-2024-Teste2-turno1.Rmd/c5-Associacao-GENERICO.Rmd-CLOZE</text>
    </category>
    <info format="html">
      <text></text>
    </info>
    <idnumber></idnumber>
  </question>
  <question type="cloze">
    <name>
      <text>variante 3 de c5-Associacao-GENERICO.Rmd-CLOZE</text>
    </name>
    <questiontext format="html">
      <text><![CDATA[<p>Pretende-se avaliar a existência de associações entre a doença renal

crónica (presente/ausente) e o hábito de fumar.</p>
<p><strong>(1)</strong></p>
<p>Para avaliar se a probabilidade de sofrer de doença renal crónica é

superior nos fumadores, um investigador realizou um <strong>teste exato

de Fisher</strong> usando os dados observados em uma amostra casual, de

pacientes de um centro hospital do norte do pais. Os dados encontram-se

organizados na seguinte tabela de contingência <span class="math inline">\(2\times 2\)</span>:</p>
<table>
<thead><tr class="header">
<th align="left"></th>

<th align="right">Com doença crónica</th>

<th align="right">Sem doença crónica</th>

</tr></thead>
<tbody>
<tr class="odd">
<td align="left">Fumador</td>

<td align="right">50</td>

<td align="right">45</td>

</tr>
<tr class="even">
<td align="left">Não Fumador</td>

<td align="right">45</td>

<td align="right">74</td>

</tr>
</tbody>
</table>

<p><strong>Complete as seguintes frases da forma mais

adequada</strong></p>
<ul>
<li><p>A hipótese alternativa em teste é: <span class="math inline">\(H_1: p_{A|B} &gt;p_{A|\bar{B}} \,\)</span> onde

<span class="math inline">\(p_{A|B}\)</span> representa a probabilidade

de um {2:MULTICHOICE_S:=paciente fumador sofrer de doença renal crónica

~paciente com doença renal crónica ser fumador ~paciente ter doença

renal crónica e ser fumador};</p></li>

<li><p>Designando por <span class="math inline">\(N_{11}=\)</span>número

de pacientes que é fumador e sofre de doença renal crónica, resulta que

valor-p<span class="math inline">\(=P(N_{11}\geq zz)\)</span> onde <span class="math inline">\(zz\)</span> é igual a {1:NUMERICAL:=50:0}</p></li>

<li><p>O valor-p do teste exato de Fisher pretendido é

{2:NUMERICAL:=0.021185:0.0001} <em>(use 4 casas decimais)</em></p></li>

</ul>

<p><strong>(2)</strong></p>
<p>A partir dos dados recolhidos foi possível reorganizar os dados e

construir a seguinte tabela de contingência <span class="math inline">\(3\times 2\)</span>:</p>
<table>
<thead><tr class="header">
<th align="left"></th>

<th align="right">Com doença crónica</th>

<th align="right">Sem doença crónica</th>

</tr></thead>
<tbody>
<tr class="odd">
<td align="left">Fumador Ativo</td>

<td align="right">40</td>

<td align="right">20</td>

</tr>
<tr class="even">
<td align="left">Fumou mas já não fuma</td>

<td align="right">10</td>

<td align="right">25</td>

</tr>
<tr class="odd">
<td align="left">Nunca Fumou</td>

<td align="right">45</td>

<td align="right">74</td>

</tr>
</tbody>
</table>

<p>Usando o teste do qui-quadrado, teste se existe associação entre a

condição de fumar e a presença/ausência de doença renal crónica. Tome

<span class="math inline">\(\alpha=0.05\)</span></p>
<p>Na sua resposta, indique:</p>
<ul>
<li><p>nos 156, o número esperado de pacientes sem doença renal crónica

e que nunca fumaram, caso a hipótese de independência seja válida :

{2:NUMERICAL:=52.8271028:0.5} <em>(escreva um número inteiro,

aproximado)</em></p></li>

<li><p>o valor da estatística de teste: {2:NUMERICAL:=17.6934154:0.001}

<em>(use 3 casas decimais)</em></p></li>

<li><p>o valor-p {2:NUMERICAL:=0.0001439:0.0001} <em>(use 4 casas

decimais)</em></p></li>

</ul>

<p>Tendo verificado que o valor-p é menor que 0.05, então conclui-se que

{1:MULTICHOICE_S:=há associação ~%-25%não há associação } significativa

entre as duas condições (hábitos de fumar e doença renal crónico)

<em>(desconta se errada)</em></p>
<p><strong>(3)</strong></p>
<p>A recolha de dados foi realizada em 6 regiões distintas de Portugal

(A, B, C, D, E, F) Pretende-se testar a existência de associação

significativa nas 6 regiões em simultâneo. Testes de independência do

qui-quadrado em cada região resultaram nos seguintes valores-p:</p>
<table>
<thead><tr class="header">
<th align="left"></th>

<th align="right">Valores-p</th>

</tr></thead>
<tbody>
<tr class="odd">
<td align="left">A</td>

<td align="right">0.030</td>

</tr>
<tr class="even">
<td align="left">B</td>

<td align="right">0.001</td>

</tr>
<tr class="odd">
<td align="left">C</td>

<td align="right">0.003</td>

</tr>
<tr class="even">
<td align="left">D</td>

<td align="right">0.002</td>

</tr>
<tr class="odd">
<td align="left">E</td>

<td align="right">0.005</td>

</tr>
<tr class="even">
<td align="left">F</td>

<td align="right">0.009</td>

</tr>
</tbody>
</table>

<p>Assim,</p>
<ul>
<li>Controlando a FWER a 0.05, indique em quantas regiões, entre as 6,

há evidência estatística de associação significativa entre a doença

renal crónica e os hábitos de fumar. Use o critério de Holm para

controlar a FWER</li>

</ul>

<p>RESPOSTA: {2:NUMERICAL:=6:0}</p>
<ul>
<li>Controlar a FWER a 0.05 significa que {1:MULTICHOICE_S:=a

probabilidade de uma ou mais regiões serem erradamente classificadas

como tendo associação significativa entre doença renal e fumar ~a

probabilidade de rejeitar pelo menos umas das 6 regiões nos testes de

independência realizados ~a probabilidade de haver pelo menos uma região

com associação significativa entre doença renal e fumar ~a probabilidade

de erradamente rejeitar uma região com associação significativa entre

doença renal e fumar entre as regiões rejeitadas} é inferior a

0.05.</li>

</ul>
]]></text>
    </questiontext>
    <generalfeedback format="html">
      <text><![CDATA[


]]></text>
    </generalfeedback>
    <penalty>0.3333333</penalty>
    <hidden>0</hidden>
    <idnumber></idnumber>
  </question>



  <question type="category">
    <category>
      <text>$course$/top/importados/2023-2024-Teste2-turno1.Rmd/c5-McNemar-GENERICO.Rmd-CLOZE</text>
    </category>
    <info format="html">
      <text></text>
    </info>
    <idnumber></idnumber>
  </question>
  <question type="cloze">
    <name>
      <text>variante 1 de c5-McNemar-GENERICO.Rmd-CLOZE</text>
    </name>
    <questiontext format="html">
      <text><![CDATA[<p>Para um dado estudo foi recolhida uma amostra de <strong>dados

dicotómicos</strong> relativos a 156 pacientes.</p>
<p>Nas alíneas seguintes estão consideradas duas situações.</p>
<p><strong>(1)</strong></p>
<p>SITUAÇÃO 1:</p>
<p>Suponha que a amostra é emparelhada (dados recolhidos em dois

momentos distintos) e que conduziu à seguinte tabela <span class="math inline">\(2\times 2\)</span></p>
<pre><code>##            Momento2

## Momento1    sucesso insucesso

##   insucesso      20       106

##   sucesso        20        10</code></pre>
<p>Nestas condições,</p>
<ul>
<li>para testar a associação seria usada a estatística de

{1:MULTICHOICE_S:=McNemar ~Fisher ~Pearson ~Qui-quadrado} dada por:</li>

</ul>

<p><span class="math display">\[T=\frac{|b-c| -1}{b+c}\]</span></p>
<p>onde o valor <span class="math inline">\(|b-c|-1\)</span>, que

aparece no numerador de <span class="math inline">\(T\)</span>, é igual

a {3:NUMERICAL:=29:0};</p>
<ul>
<li>o número de variáveis em estudo é {2:MULTICHOICE_S:=2 ~4 ~156}</li>

</ul>

<p><strong>(2)</strong></p>
<p>SITUAÇÃO 2:</p>
<p>Suponha que entre os 156 pacientes, 32 foram classificados como

hipertensos. Os 156 pacientes passaram então a realizar exercícios de

cardio semanais durante um ano. Após esse período, verificaram-se

<strong>mudanças</strong> de classificação: 7 pacientes passam a ser

hipertensos e 1 deixa(m) de ser considerados como hipertenso(s).</p>
<p>Com base nestes dados, e ao nível de significância de

<strong>10%</strong>, poder-se-á dizer que a realização de exercícios de

cardio semanais tem efeito significativo na classificação de ser ou não

ser hipertenso?</p>
<p>RESPOSTA: {1:MULTICHOICE_S:=existe ~não existe} efeito significativo

porque:</p>
<ul>
<li><p>o que está na hipótese alternativa em teste é <span class="math inline">\(H_1\)</span>: a probabilidade de um paciente …

{6:SHORTANSWER:=ser classificado como hipertenso no início e após a

realização de exercícios de cardio semanais durante um ano são

diferentes} <em>(complete com uma frase curta)</em>;</p></li>

<li><p>o valor-p do teste é igual a {3:NUMERICAL:=0.0770999:0.001} (use

3 casas decimais)</p></li>

<li><p>este valor-p foi obtido usando no RStudio o comando:

{1:MULTICHOICE_S:=mcnemar.test ~fisher.test ~chisq.test ~p.adjust

~summary}</p></li>

</ul>
]]></text>
    </questiontext>
    <generalfeedback format="html">
      <text><![CDATA[


]]></text>
    </generalfeedback>
    <penalty>0.3333333</penalty>
    <hidden>0</hidden>
    <idnumber></idnumber>
  </question>



  <question type="category">
    <category>
      <text>$course$/top/importados/2023-2024-Teste2-turno1.Rmd/c5-McNemar-GENERICO.Rmd-CLOZE</text>
    </category>
    <info format="html">
      <text></text>
    </info>
    <idnumber></idnumber>
  </question>
  <question type="cloze">
    <name>
      <text>variante 2 de c5-McNemar-GENERICO.Rmd-CLOZE</text>
    </name>
    <questiontext format="html">
      <text><![CDATA[<p>Para um dado estudo foi recolhida uma amostra de <strong>dados

dicotómicos</strong> relativos a 156 pacientes.</p>
<p>Nas alíneas seguintes estão consideradas duas situações.</p>
<p><strong>(1)</strong></p>
<p>SITUAÇÃO 1:</p>
<p>Suponha que a amostra é emparelhada (dados recolhidos em dois

momentos distintos) e que conduziu à seguinte tabela <span class="math inline">\(2\times 2\)</span></p>
<pre><code>##            Momento2

## Momento1    sucesso insucesso

##   insucesso      30        86

##   sucesso        30        10</code></pre>
<p>Nestas condições,</p>
<ul>
<li>para testar a associação seria usada a estatística de

{1:MULTICHOICE_S:=McNemar ~Fisher ~Pearson ~Qui-quadrado} dada por:</li>

</ul>

<p><span class="math display">\[T=\frac{|b-c| -1}{b+c}\]</span></p>
<p>onde o valor <span class="math inline">\(|b-c|-1\)</span>, que

aparece no numerador de <span class="math inline">\(T\)</span>, é igual

a {3:NUMERICAL:=39:0};</p>
<ul>
<li>o número de variáveis em estudo é {2:MULTICHOICE_S:=2 ~4 ~156}</li>

</ul>

<p><strong>(2)</strong></p>
<p>SITUAÇÃO 2:</p>
<p>Suponha que entre os 156 pacientes, 32 foram classificados como

hipertensos. Os 156 pacientes passaram então a realizar exercícios de

cardio semanais durante um ano. Após esse período, verificaram-se

<strong>mudanças</strong> de classificação: 8 pacientes passam a ser

hipertensos e 2 deixa(m) de ser considerados como hipertenso(s).</p>
<p>Com base nestes dados, e ao nível de significância de

<strong>10%</strong>, poder-se-á dizer que a realização de exercícios de

cardio semanais tem efeito significativo na classificação de ser ou não

ser hipertenso?</p>
<p>RESPOSTA: {1:MULTICHOICE_S:=não existe ~existe} efeito significativo

porque:</p>
<ul>
<li><p>o que está na hipótese alternativa em teste é <span class="math inline">\(H_1\)</span>: a probabilidade de um paciente …

{6:SHORTANSWER:=ser classificado como hipertenso no início e após a

realização de exercícios de cardio semanais durante um ano são

diferentes} <em>(complete com uma frase curta)</em>;</p></li>

<li><p>o valor-p do teste é igual a {3:NUMERICAL:=0.1138463:0.001} (use

3 casas decimais)</p></li>

<li><p>este valor-p foi obtido usando no RStudio o comando:

{1:MULTICHOICE_S:=mcnemar.test ~fisher.test ~chisq.test ~p.adjust

~summary}</p></li>

</ul>
]]></text>
    </questiontext>
    <generalfeedback format="html">
      <text><![CDATA[


]]></text>
    </generalfeedback>
    <penalty>0.3333333</penalty>
    <hidden>0</hidden>
    <idnumber></idnumber>
  </question>



  <question type="category">
    <category>
      <text>$course$/top/importados/2023-2024-Teste2-turno1.Rmd/c5-McNemar-GENERICO.Rmd-CLOZE</text>
    </category>
    <info format="html">
      <text></text>
    </info>
    <idnumber></idnumber>
  </question>
  <question type="cloze">
    <name>
      <text>variante 3 de c5-McNemar-GENERICO.Rmd-CLOZE</text>
    </name>
    <questiontext format="html">
      <text><![CDATA[<p>Para um dado estudo foi recolhida uma amostra de <strong>dados

dicotómicos</strong> relativos a 156 pacientes.</p>
<p>Nas alíneas seguintes estão consideradas duas situações.</p>
<p><strong>(1)</strong></p>
<p>SITUAÇÃO 1:</p>
<p>Suponha que a amostra é emparelhada (dados recolhidos em dois

momentos distintos) e que conduziu à seguinte tabela <span class="math inline">\(2\times 2\)</span></p>
<pre><code>##            Momento2

## Momento1    sucesso insucesso

##   insucesso      70        36

##   sucesso        40        10</code></pre>
<p>Nestas condições,</p>
<ul>
<li>para testar a associação seria usada a estatística de

{1:MULTICHOICE_S:=McNemar ~Fisher ~Pearson ~Qui-quadrado} dada por:</li>

</ul>

<p><span class="math display">\[T=\frac{|b-c| -1}{b+c}\]</span></p>
<p>onde o valor <span class="math inline">\(|b-c|-1\)</span>, que

aparece no numerador de <span class="math inline">\(T\)</span>, é igual

a {3:NUMERICAL:=79:0};</p>
<ul>
<li>o número de variáveis em estudo é {2:MULTICHOICE_S:=2 ~4 ~156}</li>

</ul>

<p><strong>(2)</strong></p>
<p>SITUAÇÃO 2:</p>
<p>Suponha que entre os 156 pacientes, 32 foram classificados como

hipertensos. Os 156 pacientes passaram então a realizar exercícios de

cardio semanais durante um ano. Após esse período, verificaram-se

<strong>mudanças</strong> de classificação: 10 pacientes passam a ser

hipertensos e 4 deixa(m) de ser considerados como hipertenso(s).</p>
<p>Com base nestes dados, e ao nível de significância de

<strong>10%</strong>, poder-se-á dizer que a realização de exercícios de

cardio semanais tem efeito significativo na classificação de ser ou não

ser hipertenso?</p>
<p>RESPOSTA: {1:MULTICHOICE_S:=não existe ~existe} efeito significativo

porque:</p>
<ul>
<li><p>o que está na hipótese alternativa em teste é <span class="math inline">\(H_1\)</span>: a probabilidade de um paciente …

{6:SHORTANSWER:=ser classificado como hipertenso no início e após a

realização de exercícios de cardio semanais durante um ano são

diferentes} <em>(complete com uma frase curta)</em>;</p></li>

<li><p>o valor-p do teste é igual a {3:NUMERICAL:=0.1814492:0.001} (use

3 casas decimais)</p></li>

<li><p>este valor-p foi obtido usando no RStudio o comando:

{1:MULTICHOICE_S:=mcnemar.test ~fisher.test ~chisq.test ~p.adjust

~summary}</p></li>

</ul>
]]></text>
    </questiontext>
    <generalfeedback format="html">
      <text><![CDATA[


]]></text>
    </generalfeedback>
    <penalty>0.3333333</penalty>
    <hidden>0</hidden>
    <idnumber></idnumber>
  </question>



  <question type="category">
    <category>
      <text>$course$/top/importados/2023-2024-Teste2-turno1.Rmd/c6-ANOVA-GENERICO.Rmd-CLOZE</text>
    </category>
    <info format="html">
      <text></text>
    </info>
    <idnumber></idnumber>
  </question>
  <question type="cloze">
    <name>
      <text>variante 1 de c6-ANOVA-GENERICO.Rmd-CLOZE</text>
    </name>
    <questiontext format="html">
      <text><![CDATA[<p>Relativamente a um estudo com pacientes com doença renal, um

investigador obteve a seguinte tabela da ANOVA (incompleta):</p>
<p><strong>(1)</strong></p>
<table>
<thead><tr class="header">
<th align="left"></th>

<th align="right">SQ</th>

<th align="right">gl</th>

<th align="right">MG</th>

<th align="right">Estatistica</th>

<th align="right">Valor.p</th>

</tr></thead>
<tbody>
<tr class="odd">
<td align="left">Entre grupos</td>

<td align="right"></td>

<td align="right">3</td>

<td align="right"></td>

<td align="right">1.272</td>

<td align="right"></td>

</tr>
<tr class="even">
<td align="left">Dentro dos grupos</td>

<td align="right"></td>

<td align="right">76</td>

<td align="right">22.454</td>

<td align="right"></td>

<td align="right"></td>

</tr>
<tr class="odd">
<td align="left">Total</td>

<td align="right"></td>

<td align="right"></td>

<td align="right"></td>

<td align="right"></td>

<td align="right"></td>

</tr>
</tbody>
</table>

<p><strong>Com base na tabela dada, complete o seguinte texto de modo

mais adequado (em termos estatísticos) </strong>:</p>
<p>O investigador pretende avaliar se há efeito significativo de

{1:NUMERICAL:=4:0} dietas alimentares diferentes nos valores de

creatinina esperados em pacientes com doença renal. Para tal selecionou

aleatoriamente um total de {1:NUMERICAL:=80:0} pacientes de um centro

hospital que foram divididos em grupos diferentes, cada grupo com um

tipo de dieta previamente predefinido e todos os grupos com o mesmo

tamanho.</p>
<p>Para obter a tabela acima da ANOVA paramétrica, o investigador teve

que verificar que as observações seguem uma distribuição

{1:MULTICHOICE_S:=normal ~constante ~homogénea}</p>
<p>Podemos dizer que o modelo considerado foi {1:MULTICHOICE_S:=de

efeitos fixos~equilibrado}</p>
<p>Da tabela resulta que (use 3 casas decimais):</p>
<ul>
<li><p>a Soma de Quadrados dos resíduos é igual a:

{1:NUMERICAL:=1706.4761258:0.005}</p></li>

<li><p>a Média de Quadrados entre grupos é igual a:

{1:NUMERICAL:=28.5688564:0.005}</p></li>

<li><p>o valor-p do teste da ANOVA é

{2:NUMERICAL:=0.2899271:0.005}</p></li>

<li><p>verificando que o valor-p é maior que 0.05, a decisão do teste é

{1:MULTICHOICE_S:=não rejeitar~%-25%rejeitar} <span class="math inline">\(H_0\)</span>, ao nível de significância de 5%.

<em>(desconta 25% se errada)</em></p></li>

</ul>

<p>Assim, a conclusão de teste realizado é {2:MULTICHOICE_S:=não existe

evidência estatística de que o valor médio de creatinina será afetado

signficativamente em pelo menos um tipo de dieta alimentar ~há pelo

menos um par de valores de creatinina em que os pacientes apresentaram

efeito significativo na dieta ~os valores médios de creatinina são

significativamente diferentes entre os tipos de dietas ~não existe

evidência estatística de que os valores médios de creatinina observados

no estudo são afetados signficativamente por todos os tipos de dieta

alimentar ~ não existe evidência estatística que os tipos de dietas

afetem significativamente os valores de creatinina}</p>]]></text>
    </questiontext>
    <generalfeedback format="html">
      <text><![CDATA[


]]></text>
    </generalfeedback>
    <penalty>0.3333333</penalty>
    <hidden>0</hidden>
    <idnumber></idnumber>
  </question>



  <question type="category">
    <category>
      <text>$course$/top/importados/2023-2024-Teste2-turno1.Rmd/c6-ANOVA-GENERICO.Rmd-CLOZE</text>
    </category>
    <info format="html">
      <text></text>
    </info>
    <idnumber></idnumber>
  </question>
  <question type="cloze">
    <name>
      <text>variante 2 de c6-ANOVA-GENERICO.Rmd-CLOZE</text>
    </name>
    <questiontext format="html">
      <text><![CDATA[<p>Relativamente a um estudo com pacientes com doença renal, um

investigador obteve a seguinte tabela da ANOVA (incompleta):</p>
<p><strong>(1)</strong></p>
<table>
<thead><tr class="header">
<th align="left"></th>

<th align="right">SQ</th>

<th align="right">gl</th>

<th align="right">MG</th>

<th align="right">Estatistica</th>

<th align="right">Valor.p</th>

</tr></thead>
<tbody>
<tr class="odd">
<td align="left">Entre grupos</td>

<td align="right"></td>

<td align="right">5</td>

<td align="right"></td>

<td align="right">0.974</td>

<td align="right"></td>

</tr>
<tr class="even">
<td align="left">Dentro dos grupos</td>

<td align="right"></td>

<td align="right">114</td>

<td align="right">20.753</td>

<td align="right"></td>

<td align="right"></td>

</tr>
<tr class="odd">
<td align="left">Total</td>

<td align="right"></td>

<td align="right"></td>

<td align="right"></td>

<td align="right"></td>

<td align="right"></td>

</tr>
</tbody>
</table>

<p><strong>Com base na tabela dada, complete o seguinte texto de modo

mais adequado (em termos estatísticos) </strong>:</p>
<p>O investigador pretende avaliar se há efeito significativo de

{1:NUMERICAL:=6:0} dietas alimentares diferentes nos valores de

creatinina esperados em pacientes com doença renal. Para tal selecionou

aleatoriamente um total de {1:NUMERICAL:=120:0} pacientes de um centro

hospital que foram divididos em grupos diferentes, cada grupo com um

tipo de dieta previamente predefinido e todos os grupos com o mesmo

tamanho.</p>
<p>Para obter a tabela acima da ANOVA paramétrica, o investigador teve

que verificar que as observações seguem uma distribuição

{1:MULTICHOICE_S:=normal ~constante ~homogénea}</p>
<p>Podemos dizer que o modelo considerado foi {1:MULTICHOICE_S:=de

efeitos fixos~equilibrado}</p>
<p>Da tabela resulta que (use 3 casas decimais):</p>
<ul>
<li><p>a Soma de Quadrados dos resíduos é igual a:

{1:NUMERICAL:=2365.801671:0.005}</p></li>

<li><p>a Média de Quadrados entre grupos é igual a:

{1:NUMERICAL:=20.2052733:0.005}</p></li>

<li><p>o valor-p do teste da ANOVA é

{2:NUMERICAL:=0.4370743:0.005}</p></li>

<li><p>verificando que o valor-p é maior que 0.05, a decisão do teste é

{1:MULTICHOICE_S:=não rejeitar~%-25%rejeitar} <span class="math inline">\(H_0\)</span>, ao nível de significância de 5%.

<em>(desconta 25% se errada)</em></p></li>

</ul>

<p>Assim, a conclusão de teste realizado é {2:MULTICHOICE_S:=não existe

evidência estatística de que o valor médio de creatinina será afetado

signficativamente em pelo menos um tipo de dieta alimentar ~há pelo

menos um par de valores de creatinina em que os pacientes apresentaram

efeito significativo na dieta ~os valores médios de creatinina são

significativamente diferentes entre os tipos de dietas ~não existe

evidência estatística de que os valores médios de creatinina observados

no estudo são afetados signficativamente por todos os tipos de dieta

alimentar ~ não existe evidência estatística que os tipos de dietas

afetem significativamente os valores de creatinina}</p>]]></text>
    </questiontext>
    <generalfeedback format="html">
      <text><![CDATA[


]]></text>
    </generalfeedback>
    <penalty>0.3333333</penalty>
    <hidden>0</hidden>
    <idnumber></idnumber>
  </question>



  <question type="category">
    <category>
      <text>$course$/top/importados/2023-2024-Teste2-turno1.Rmd/c6-ANOVA-GENERICO.Rmd-CLOZE</text>
    </category>
    <info format="html">
      <text></text>
    </info>
    <idnumber></idnumber>
  </question>
  <question type="cloze">
    <name>
      <text>variante 3 de c6-ANOVA-GENERICO.Rmd-CLOZE</text>
    </name>
    <questiontext format="html">
      <text><![CDATA[<p>Relativamente a um estudo com pacientes com doença renal, um

investigador obteve a seguinte tabela da ANOVA (incompleta):</p>
<p><strong>(1)</strong></p>
<table>
<thead><tr class="header">
<th align="left"></th>

<th align="right">SQ</th>

<th align="right">gl</th>

<th align="right">MG</th>

<th align="right">Estatistica</th>

<th align="right">Valor.p</th>

</tr></thead>
<tbody>
<tr class="odd">
<td align="left">Entre grupos</td>

<td align="right"></td>

<td align="right">4</td>

<td align="right"></td>

<td align="right">1.139</td>

<td align="right"></td>

</tr>
<tr class="even">
<td align="left">Dentro dos grupos</td>

<td align="right"></td>

<td align="right">95</td>

<td align="right">19.811</td>

<td align="right"></td>

<td align="right"></td>

</tr>
<tr class="odd">
<td align="left">Total</td>

<td align="right"></td>

<td align="right"></td>

<td align="right"></td>

<td align="right"></td>

<td align="right"></td>

</tr>
</tbody>
</table>

<p><strong>Com base na tabela dada, complete o seguinte texto de modo

mais adequado (em termos estatísticos) </strong>:</p>
<p>O investigador pretende avaliar se há efeito significativo de

{1:NUMERICAL:=5:0} dietas alimentares diferentes nos valores de

creatinina esperados em pacientes com doença renal. Para tal selecionou

aleatoriamente um total de {1:NUMERICAL:=100:0} pacientes de um centro

hospital que foram divididos em grupos diferentes, cada grupo com um

tipo de dieta previamente predefinido e todos os grupos com o mesmo

tamanho.</p>
<p>Para obter a tabela acima da ANOVA paramétrica, o investigador teve

que verificar que as observações seguem uma distribuição

{1:MULTICHOICE_S:=normal ~constante ~homogénea}</p>
<p>Podemos dizer que o modelo considerado foi {1:MULTICHOICE_S:=de

efeitos fixos~equilibrado}</p>
<p>Da tabela resulta que (use 3 casas decimais):</p>
<ul>
<li><p>a Soma de Quadrados dos resíduos é igual a:

{1:NUMERICAL:=1882.0805441:0.005}</p></li>

<li><p>a Média de Quadrados entre grupos é igual a:

{1:NUMERICAL:=22.5676825:0.005}</p></li>

<li><p>o valor-p do teste da ANOVA é

{2:NUMERICAL:=0.3428995:0.005}</p></li>

<li><p>verificando que o valor-p é maior que 0.05, a decisão do teste é

{1:MULTICHOICE_S:=não rejeitar~%-25%rejeitar} <span class="math inline">\(H_0\)</span>, ao nível de significância de 5%.

<em>(desconta 25% se errada)</em></p></li>

</ul>

<p>Assim, a conclusão de teste realizado é {2:MULTICHOICE_S:=não existe

evidência estatística de que o valor médio de creatinina será afetado

signficativamente em pelo menos um tipo de dieta alimentar ~há pelo

menos um par de valores de creatinina em que os pacientes apresentaram

efeito significativo na dieta ~os valores médios de creatinina são

significativamente diferentes entre os tipos de dietas ~não existe

evidência estatística de que os valores médios de creatinina observados

no estudo são afetados signficativamente por todos os tipos de dieta

alimentar ~ não existe evidência estatística que os tipos de dietas

afetem significativamente os valores de creatinina}</p>]]></text>
    </questiontext>
    <generalfeedback format="html">
      <text><![CDATA[


]]></text>
    </generalfeedback>
    <penalty>0.3333333</penalty>
    <hidden>0</hidden>
    <idnumber></idnumber>
  </question>



  <question type="category">
    <category>
      <text>$course$/top/importados/2023-2024-Teste2-turno1.Rmd/c6-ANOVAmedidasrepetidas-GENERICO.Rmd-CLOZE</text>
    </category>
    <info format="html">
      <text></text>
    </info>
    <idnumber></idnumber>
  </question>
  <question type="cloze">
    <name>
      <text>variante 1 de c6-ANOVAmedidasrepetidas-GENERICO.Rmd-CLOZE</text>
    </name>
    <questiontext format="html">
      <text><![CDATA[<p>Um dos parâmetros importante a monotorizar em pacientes com doença

renal é a pressão arterial (PA). Para avaliar o efeito do período de

medição (manhã, tarde e noite) nos valores da PA sistólica, em pacientes

diagnosticados com doença renal crónica, estes valores foram medidos em

32 pacientes e, com eles, obtido o seguinte output no R:</p>
<pre><code>## $ANOVA

##   Effect DFn DFd        F            p p&lt;.05       ges

## 2  fator   2  62 10.08054 0.0001619913     * 0.1856016

## 

## $`Mauchly's Test for Sphericity`

##   Effect         W         p p&lt;.05

## 2  fator 0.9704948 0.6381135      

## 

## $`Sphericity Corrections`

##   Effect       GGe        p[GG] p[GG]&lt;.05      HFe        p[HF] p[HF]&lt;.05

## 2  fator 0.9713404 0.0001924964         * 1.035295 0.0001619913         *</code></pre>
<p><strong>(1)</strong></p>
<p>Assinale o valor lógico das seguintes frases: <em>(Cada frase errada

desconta 25%)</em></p>
<p>FRASE 1: {1:MULTICHOICE_S:=Falso ~%-25%Verdadeiro}: <em>O estudo

corresponde a uma ANOVA de medidas repetidas porque os três períodos de

monotorização foram definidos previamente.</em></p>
<p>FRASE 2: {1:MULTICHOICE_S:=Falso ~%-25%Verdadeiro}: <em>No estudo

foram registadas um total de 32medições.</em></p>
<p><strong>(2)</strong></p>
<p>Assumindo o pressuposto da normalidade (multivariada) válido, execute

uma ANOVA de medidas repetidas com o output dado. Na sua resposta,</p>
<ul>
<li>indique se o pressuposto de esfericidade é verificado (nível de

significância de 5%):</li>

</ul>

<p>RESPOSTA: {1:MULTICHOICE_S:=verificado ~não verificado } pois valor-p

do teste correspondente é {3:NUMERICAL:=0.6381135:0.00001} (use 5 casas

decimais);</p>
<ul>
<li>conclua, ao nível de significância de 5%:</li>

</ul>

<p>RESPOSTA: {1:MULTICHOICE_S:=rejeita-se ~não se rejeita } a hipótese

de igualdade de médias pois o valor-p do teste correspondente é

{3:NUMERICAL:=0.000162:0.00001} (use 5 casas decimais).</p>]]></text>
    </questiontext>
    <generalfeedback format="html">
      <text><![CDATA[


]]></text>
    </generalfeedback>
    <penalty>0.3333333</penalty>
    <hidden>0</hidden>
    <idnumber></idnumber>
  </question>



  <question type="category">
    <category>
      <text>$course$/top/importados/2023-2024-Teste2-turno1.Rmd/c6-ANOVAmedidasrepetidas-GENERICO.Rmd-CLOZE</text>
    </category>
    <info format="html">
      <text></text>
    </info>
    <idnumber></idnumber>
  </question>
  <question type="cloze">
    <name>
      <text>variante 2 de c6-ANOVAmedidasrepetidas-GENERICO.Rmd-CLOZE</text>
    </name>
    <questiontext format="html">
      <text><![CDATA[<p>Um dos parâmetros importante a monotorizar em pacientes com doença

renal é a pressão arterial (PA). Para avaliar o efeito do período de

medição (manhã, tarde e noite) nos valores da PA sistólica, em pacientes

diagnosticados com doença renal crónica, estes valores foram medidos em

32 pacientes e, com eles, obtido o seguinte output no R:</p>
<pre><code>## $ANOVA

##   Effect DFn DFd         F         p p&lt;.05        ges

## 2  fator   2  62 0.3111416 0.7337473       0.00756737

## 

## $`Mauchly's Test for Sphericity`

##   Effect         W         p p&lt;.05

## 2  fator 0.9276592 0.3242103      

## 

## $`Sphericity Corrections`

##   Effect       GGe     p[GG] p[GG]&lt;.05       HFe     p[HF] p[HF]&lt;.05

## 2  fator 0.9325394 0.7186648           0.9899206 0.7315688</code></pre>
<p><strong>(1)</strong></p>
<p>Assinale o valor lógico das seguintes frases: <em>(Cada frase errada

desconta 25%)</em></p>
<p>FRASE 1: {1:MULTICHOICE_S:=Verdadeiro ~%-25%Falso}: <em>O estudo

corresponde a uma ANOVA de medidas repetidas com três níveis por

fator.</em></p>
<p>FRASE 2: {1:MULTICHOICE_S:=Verdadeiro ~%-25%Falso}: <em>No estudo

foram registadas um total de 96 medições.</em></p>
<p><strong>(2)</strong></p>
<p>Assumindo o pressuposto da normalidade (multivariada) válido, execute

uma ANOVA de medidas repetidas com o output dado. Na sua resposta,</p>
<ul>
<li>indique se o pressuposto de esfericidade é verificado (nível de

significância de 5%):</li>

</ul>

<p>RESPOSTA: {1:MULTICHOICE_S:=verificado ~não verificado } pois valor-p

do teste correspondente é {3:NUMERICAL:=0.3242103:0.00001} (use 5 casas

decimais);</p>
<ul>
<li>conclua, ao nível de significância de 5%:</li>

</ul>

<p>RESPOSTA: {1:MULTICHOICE_S:=não se rejeita ~rejeita-se } a hipótese

de igualdade de médias pois o valor-p do teste correspondente é

{3:NUMERICAL:=0.7337473:0.00001} (use 5 casas decimais).</p>]]></text>
    </questiontext>
    <generalfeedback format="html">
      <text><![CDATA[


]]></text>
    </generalfeedback>
    <penalty>0.3333333</penalty>
    <hidden>0</hidden>
    <idnumber></idnumber>
  </question>



  <question type="category">
    <category>
      <text>$course$/top/importados/2023-2024-Teste2-turno1.Rmd/c6-ANOVAmedidasrepetidas-GENERICO.Rmd-CLOZE</text>
    </category>
    <info format="html">
      <text></text>
    </info>
    <idnumber></idnumber>
  </question>
  <question type="cloze">
    <name>
      <text>variante 3 de c6-ANOVAmedidasrepetidas-GENERICO.Rmd-CLOZE</text>
    </name>
    <questiontext format="html">
      <text><![CDATA[<p>Um dos parâmetros importante a monotorizar em pacientes com doença

renal é a pressão arterial (PA). Para avaliar o efeito do período de

medição (manhã, tarde e noite) nos valores da PA sistólica, em pacientes

diagnosticados com doença renal crónica, estes valores foram medidos em

32 pacientes e, com eles, obtido o seguinte output no R:</p>
<pre><code>## $ANOVA

##   Effect DFn DFd        F          p p&lt;.05        ges

## 2  fator   2  62 2.912981 0.06178281       0.06937835

## 

## $`Mauchly's Test for Sphericity`

##   Effect         W         p p&lt;.05

## 2  fator 0.9755256 0.6895724      

## 

## $`Sphericity Corrections`

##   Effect       GGe      p[GG] p[GG]&lt;.05      HFe      p[HF] p[HF]&lt;.05

## 2  fator 0.9761103 0.06319893           1.040889 0.06178281</code></pre>
<p><strong>(1)</strong></p>
<p>Assinale o valor lógico das seguintes frases: <em>(Cada frase errada

desconta 25%)</em></p>
<p>FRASE 1: {1:MULTICHOICE_S:=Falso ~%-25%Verdadeiro}: <em>O estudo

corresponde a uma ANOVA de medidas repetidas porque os três períodos de

monotorização foram definidos previamente.</em></p>
<p>FRASE 2: {1:MULTICHOICE_S:=Falso ~%-25%Verdadeiro}: <em>No estudo

foram registadas um total de 32medições.</em></p>
<p><strong>(2)</strong></p>
<p>Assumindo o pressuposto da normalidade (multivariada) válido, execute

uma ANOVA de medidas repetidas com o output dado. Na sua resposta,</p>
<ul>
<li>indique se o pressuposto de esfericidade é verificado (nível de

significância de 1%):</li>

</ul>

<p>RESPOSTA: {1:MULTICHOICE_S:=verificado ~não verificado } pois valor-p

do teste correspondente é {3:NUMERICAL:=0.6895724:0.00001} (use 5 casas

decimais);</p>
<ul>
<li>conclua, ao nível de significância de 1%:</li>

</ul>

<p>RESPOSTA: {1:MULTICHOICE_S:=não se rejeita ~rejeita-se } a hipótese

de igualdade de médias pois o valor-p do teste correspondente é

{3:NUMERICAL:=0.0617828:0.00001} (use 5 casas decimais).</p>]]></text>
    </questiontext>
    <generalfeedback format="html">
      <text><![CDATA[


]]></text>
    </generalfeedback>
    <penalty>0.3333333</penalty>
    <hidden>0</hidden>
    <idnumber></idnumber>
  </question>


</quiz>

