<?xml version="1.0" encoding="UTF-8"?>
<quiz>


  <question type="category">
    <category>
      <text>$course$/top/importados/2023-2024-Teste2-turno1.Rmd/c6-ANOVA-GENERICO.Rmd-CLOZE</text>
    </category>
    <info format="html">
      <text></text>
    </info>
    <idnumber></idnumber>
  </question>
  <question type="cloze">
    <name>
      <text>variante 1 de c6-ANOVA-GENERICO.Rmd-CLOZE</text>
    </name>
    <questiontext format="html">
      <text><![CDATA[<p>Relativamente a um estudo com pacientes com doença renal, um
investigador obteve a seguinte tabela da ANOVA (incompleta):</p>
<p><strong>(1)</strong></p>
<table>
<thead><tr class="header">
<th align="left"></th>
<th align="right">SQ</th>
<th align="right">gl</th>
<th align="right">MG</th>
<th align="right">Estatistica</th>
<th align="right">Valor.p</th>
</tr></thead>
<tbody>
<tr class="odd">
<td align="left">Entre grupos</td>
<td align="right"></td>
<td align="right">5</td>
<td align="right"></td>
<td align="right">1.33</td>
<td align="right"></td>
</tr>
<tr class="even">
<td align="left">Dentro dos grupos</td>
<td align="right"></td>
<td align="right">114</td>
<td align="right">23.858</td>
<td align="right"></td>
<td align="right"></td>
</tr>
<tr class="odd">
<td align="left">Total</td>
<td align="right"></td>
<td align="right"></td>
<td align="right"></td>
<td align="right"></td>
<td align="right"></td>
</tr>
</tbody>
</table>

<p><strong>Com base na tabela dada, complete o seguinte texto de modo
mais adequado (em termos estatísticos) </strong>:</p>
<p>O investigador pretende avaliar se há efeito significativo de
{1:NUMERICAL:=6:0} dietas alimentares diferentes nos valores de
creatinina esperados em pacientes com doença renal. Para tal selecionou
aleatoriamente um total de {1:NUMERICAL:=120:0} pacientes de um centro
hospital que foram divididos em grupos diferentes, cada grupo com um
tipo de dieta previamente predefinido e todos os grupos com o mesmo
tamanho.</p>
<p>Para obter a tabela acima da ANOVA paramétrica, o investigador teve
que verificar que as observações seguem uma distribuição
{1:MULTICHOICE_S:=normal ~constante ~homogénea}</p>
<p>Podemos dizer que o planeamento considerado foi
{1:MULTICHOICE_S:=equilibrado~de efeitos fixos}</p>
<p>Da tabela resulta que (use 3 casas decimais):</p>
<ul>
<li><p>a Soma de Quadrados dos resíduos é igual a:
{1:NUMERICAL:=2719.7823581:0.005}</p></li>
<li><p>a Média de Quadrados entre grupos é igual a:
{1:NUMERICAL:=31.7266426:0.005}</p></li>
<li><p>o valor-p do teste da ANOVA é
{2:NUMERICAL:=0.2565974:0.005}</p></li>
<li><p>verificando que o valor-p é maior que 0.05, a decisão do teste é
{1:MULTICHOICE_S:=não rejeitar~%-25%rejeitar} <span class="math inline">\(H_0\)</span>, ao nível de significância de 5%.
<em>(desconta 25% se errada)</em></p></li>
</ul>

<p>Assim, a conclusão de teste realizado é {2:MULTICHOICE_S:=não existe
evidência estatística de que o valor médio de creatinina será afetado
signficativamente em pelo menos um tipo de dieta alimentar ~há pelo
menos um par de valores de creatinina em que os pacientes apresentaram
efeito significativo na dieta ~os valores médios de creatinina são
significativamente diferentes entre os tipos de dietas ~não existe
evidência estatística de que os valores médios de creatinina observados
no estudo são afetados signficativamente por todos os tipos de dieta
alimentar ~ não existe evidência estatística que os tipos de dietas
afetem significativamente os valores de creatinina}</p>]]></text>
    </questiontext>
    <generalfeedback format="html">
      <text><![CDATA[


]]></text>
    </generalfeedback>
    <penalty>0.3333333</penalty>
    <hidden>0</hidden>
    <idnumber></idnumber>
  </question>


  <question type="category">
    <category>
      <text>$course$/top/importados/2023-2024-Teste2-turno1.Rmd/c6-ANOVA-GENERICO.Rmd-CLOZE</text>
    </category>
    <info format="html">
      <text></text>
    </info>
    <idnumber></idnumber>
  </question>
  <question type="cloze">
    <name>
      <text>variante 2 de c6-ANOVA-GENERICO.Rmd-CLOZE</text>
    </name>
    <questiontext format="html">
      <text><![CDATA[<p>Relativamente a um estudo com pacientes com doença renal, um
investigador obteve a seguinte tabela da ANOVA (incompleta):</p>
<p><strong>(1)</strong></p>
<table>
<thead><tr class="header">
<th align="left"></th>
<th align="right">SQ</th>
<th align="right">gl</th>
<th align="right">MG</th>
<th align="right">Estatistica</th>
<th align="right">Valor.p</th>
</tr></thead>
<tbody>
<tr class="odd">
<td align="left">Entre grupos</td>
<td align="right"></td>
<td align="right">4</td>
<td align="right"></td>
<td align="right">1.015</td>
<td align="right"></td>
</tr>
<tr class="even">
<td align="left">Dentro dos grupos</td>
<td align="right"></td>
<td align="right">95</td>
<td align="right">25.898</td>
<td align="right"></td>
<td align="right"></td>
</tr>
<tr class="odd">
<td align="left">Total</td>
<td align="right"></td>
<td align="right"></td>
<td align="right"></td>
<td align="right"></td>
<td align="right"></td>
</tr>
</tbody>
</table>

<p><strong>Com base na tabela dada, complete o seguinte texto de modo
mais adequado (em termos estatísticos) </strong>:</p>
<p>O investigador pretende avaliar se há efeito significativo de
{1:NUMERICAL:=5:0} dietas alimentares diferentes nos valores de
creatinina esperados em pacientes com doença renal. Para tal selecionou
aleatoriamente um total de {1:NUMERICAL:=100:0} pacientes de um centro
hospital que foram divididos em grupos diferentes, cada grupo com um
tipo de dieta previamente predefinido e todos os grupos com o mesmo
tamanho.</p>
<p>Para obter a tabela acima da ANOVA paramétrica, o investigador teve
que verificar que as observações seguem uma distribuição
{1:MULTICHOICE_S:=normal ~constante ~homogénea}</p>
<p>Podemos dizer que o planeamento considerado foi
{1:MULTICHOICE_S:=equilibrado~de efeitos fixos}</p>
<p>Da tabela resulta que (use 3 casas decimais):</p>
<ul>
<li><p>a Soma de Quadrados dos resíduos é igual a:
{1:NUMERICAL:=2460.3102668:0.005}</p></li>
<li><p>a Média de Quadrados entre grupos é igual a:
{1:NUMERICAL:=26.2783593:0.005}</p></li>
<li><p>o valor-p do teste da ANOVA é
{2:NUMERICAL:=0.4038569:0.005}</p></li>
<li><p>verificando que o valor-p é maior que 0.05, a decisão do teste é
{1:MULTICHOICE_S:=não rejeitar~%-25%rejeitar} <span class="math inline">\(H_0\)</span>, ao nível de significância de 5%.
<em>(desconta 25% se errada)</em></p></li>
</ul>

<p>Assim, a conclusão de teste realizado é {2:MULTICHOICE_S:=não existe
evidência estatística de que o valor médio de creatinina será afetado
signficativamente em pelo menos um tipo de dieta alimentar ~há pelo
menos um par de valores de creatinina em que os pacientes apresentaram
efeito significativo na dieta ~os valores médios de creatinina são
significativamente diferentes entre os tipos de dietas ~não existe
evidência estatística de que os valores médios de creatinina observados
no estudo são afetados signficativamente por todos os tipos de dieta
alimentar ~ não existe evidência estatística que os tipos de dietas
afetem significativamente os valores de creatinina}</p>]]></text>
    </questiontext>
    <generalfeedback format="html">
      <text><![CDATA[


]]></text>
    </generalfeedback>
    <penalty>0.3333333</penalty>
    <hidden>0</hidden>
    <idnumber></idnumber>
  </question>


  <question type="category">
    <category>
      <text>$course$/top/importados/2023-2024-Teste2-turno1.Rmd/c6-ANOVA-GENERICO.Rmd-CLOZE</text>
    </category>
    <info format="html">
      <text></text>
    </info>
    <idnumber></idnumber>
  </question>
  <question type="cloze">
    <name>
      <text>variante 3 de c6-ANOVA-GENERICO.Rmd-CLOZE</text>
    </name>
    <questiontext format="html">
      <text><![CDATA[<p>Relativamente a um estudo com pacientes com doença renal, um
investigador obteve a seguinte tabela da ANOVA (incompleta):</p>
<p><strong>(1)</strong></p>
<table>
<thead><tr class="header">
<th align="left"></th>
<th align="right">SQ</th>
<th align="right">gl</th>
<th align="right">MG</th>
<th align="right">Estatistica</th>
<th align="right">Valor.p</th>
</tr></thead>
<tbody>
<tr class="odd">
<td align="left">Entre grupos</td>
<td align="right"></td>
<td align="right">3</td>
<td align="right"></td>
<td align="right">1.122</td>
<td align="right"></td>
</tr>
<tr class="even">
<td align="left">Dentro dos grupos</td>
<td align="right"></td>
<td align="right">76</td>
<td align="right">28.3</td>
<td align="right"></td>
<td align="right"></td>
</tr>
<tr class="odd">
<td align="left">Total</td>
<td align="right"></td>
<td align="right"></td>
<td align="right"></td>
<td align="right"></td>
<td align="right"></td>
</tr>
</tbody>
</table>

<p><strong>Com base na tabela dada, complete o seguinte texto de modo
mais adequado (em termos estatísticos) </strong>:</p>
<p>O investigador pretende avaliar se há efeito significativo de
{1:NUMERICAL:=4:0} dietas alimentares diferentes nos valores de
creatinina esperados em pacientes com doença renal. Para tal selecionou
aleatoriamente um total de {1:NUMERICAL:=80:0} pacientes de um centro
hospital que foram divididos em grupos diferentes, cada grupo com um
tipo de dieta previamente predefinido e todos os grupos com o mesmo
tamanho.</p>
<p>Para obter a tabela acima da ANOVA paramétrica, o investigador teve
que verificar que as observações seguem uma distribuição
{1:MULTICHOICE_S:=normal ~constante ~homogénea}</p>
<p>Podemos dizer que o planeamento considerado foi
{1:MULTICHOICE_S:=equilibrado~de efeitos fixos}</p>
<p>Da tabela resulta que (use 3 casas decimais):</p>
<ul>
<li><p>a Soma de Quadrados dos resíduos é igual a:
{1:NUMERICAL:=2150.8035088:0.005}</p></li>
<li><p>a Média de Quadrados entre grupos é igual a:
{1:NUMERICAL:=31.7635346:0.005}</p></li>
<li><p>o valor-p do teste da ANOVA é
{2:NUMERICAL:=0.3453977:0.005}</p></li>
<li><p>verificando que o valor-p é maior que 0.05, a decisão do teste é
{1:MULTICHOICE_S:=não rejeitar~%-25%rejeitar} <span class="math inline">\(H_0\)</span>, ao nível de significância de 5%.
<em>(desconta 25% se errada)</em></p></li>
</ul>

<p>Assim, a conclusão de teste realizado é {2:MULTICHOICE_S:=não existe
evidência estatística de que o valor médio de creatinina será afetado
signficativamente em pelo menos um tipo de dieta alimentar ~há pelo
menos um par de valores de creatinina em que os pacientes apresentaram
efeito significativo na dieta ~os valores médios de creatinina são
significativamente diferentes entre os tipos de dietas ~não existe
evidência estatística de que os valores médios de creatinina observados
no estudo são afetados signficativamente por todos os tipos de dieta
alimentar ~ não existe evidência estatística que os tipos de dietas
afetem significativamente os valores de creatinina}</p>]]></text>
    </questiontext>
    <generalfeedback format="html">
      <text><![CDATA[


]]></text>
    </generalfeedback>
    <penalty>0.3333333</penalty>
    <hidden>0</hidden>
    <idnumber></idnumber>
  </question>

</quiz>

